"","state","year","rate"
"1","Federal (FLSA)",1968,1.6
"2","Alabama",1968,1.6
"3","Alaska",1968,2.1
"4","Arizona",1968,1.6
"5","Arkansas",1968,1.6
"6","California",1968,1.65
"7","Colorado",1968,1.25
"8","Connecticut",1968,1.4
"9","Delaware",1968,1.25
"10","Florida",1968,1.6
"11","Georgia",1968,1.6
"12","Hawaii",1968,1.25
"13","Idaho",1968,1.15
"14","Illinois",1968,1.6
"15","Indiana",1968,1.15
"16","Iowa",1968,1.6
"17","Kansas",1968,1.6
"18","Kentucky",1968,0.75
"19","Louisiana",1968,1.6
"20","Maine",1968,1.4
"21","Maryland",1968,1.15
"22","Massachusetts",1968,1.6
"23","Michigan",1968,1.25
"24","Minnesota",1968,1.15
"25","Mississippi",1968,1.6
"26","Missouri",1968,1.6
"27","Montana",1968,1.6
"28","Nebraska",1968,1
"29","Nevada",1968,1.25
"30","New       Hampshire",1968,1.4
"31","New       Jersey",1968,1.4
"32","New       Mexico",1968,1.4
"33","New York",1968,1.6
"34","North       Carolina",1968,1
"35","North       Dakota",1968,1.25
"36","Ohio",1968,1.25
"37","Oklahoma",1968,1
"38","Oregon",1968,1.25
"39","Pennsylvania",1968,1.15
"40","Rhode       Island",1968,1.4
"41","South       Carolina",1968,1.6
"42","South       Dakota",1968,0.5
"43","Tennessee",1968,1.6
"44","Texas",1968,1.6
"45","Utah",1968,1.15
"46","Vermont",1968,1.4
"47","Virginia",1968,1.6
"48","Washington",1968,1.6
"49","West       Virginia",1968,1
"50","Wisconsin",1968,1.25
"51","Wyoming",1968,1.2
"52","District       of Columbia",1968,1.4
"53","Guam",1968,1.25
"54","Puerto       Rico",1968,1.6
"55","U.S.       Virgin Islands",1968,1.6
"56","Federal (FLSA)",1970,1.6
"57","Alabama",1970,1.6
"58","Alaska",1970,2.1
"59","Arizona",1970,1.6
"60","Arkansas",1970,1.1
"61","California",1970,1.65
"62","Colorado",1970,1.25
"63","Connecticut",1970,1.6
"64","Delaware",1970,1.25
"65","Florida",1970,1.6
"66","Georgia",1970,1.6
"67","Hawaii",1970,1.6
"68","Idaho",1970,1.25
"69","Illinois",1970,1.6
"70","Indiana",1970,1.25
"71","Iowa",1970,1.6
"72","Kansas",1970,1.6
"73","Kentucky",1970,0.75
"74","Louisiana",1970,1.6
"75","Maine",1970,1.6
"76","Maryland",1970,1.3
"77","Massachusetts",1970,1.6
"78","Michigan",1970,1.25
"79","Minnesota",1970,1.15
"80","Mississippi",1970,1.6
"81","Missouri",1970,1.6
"82","Montana",1970,1.6
"83","Nebraska",1970,1
"84","Nevada",1970,1.3
"85","New       Hampshire",1970,1.6
"86","New       Jersey",1970,1.5
"87","New       Mexico",1970,1.6
"88","New York",1970,1.6
"89","North       Carolina",1970,1.25
"90","North       Dakota",1970,1.45
"91","Ohio",1970,1.25
"92","Oklahoma",1970,1
"93","Oregon",1970,1.25
"94","Pennsylvania",1970,1.3
"95","Rhode       Island",1970,1.6
"96","South       Carolina",1970,1.6
"97","South       Dakota",1970,1
"98","Tennessee",1970,1.6
"99","Texas",1970,1.6
"100","Utah",1970,1.15
"101","Vermont",1970,1.6
"102","Virginia",1970,1.6
"103","Washington",1970,1.6
"104","West       Virginia",1970,1
"105","Wisconsin",1970,1.3
"106","Wyoming",1970,1.3
"107","District       of Columbia",1970,2
"108","Guam",1970,1.6
"109","Puerto       Rico",1970,1.6
"110","U.S.       Virgin Islands",1970,1.6
"111","Federal (FLSA)",1972,1.6
"112","Alabama",1972,1.6
"113","Alaska",1972,2.1
"114","Arizona",1972,1.6
"115","Arkansas",1972,1.2
"116","California",1972,1.65
"117","Colorado",1972,1.25
"118","Connecticut",1972,1.85
"119","Delaware",1972,1.6
"120","Florida",1972,1.6
"121","Georgia",1972,1.25
"122","Hawaii",1972,1.6
"123","Idaho",1972,1.4
"124","Illinois",1972,1.4
"125","Indiana",1972,1.25
"126","Iowa",1972,1.6
"127","Kansas",1972,1.6
"128","Kentucky",1972,0.75
"129","Louisiana",1972,1.6
"130","Maine",1972,1.8
"131","Maryland",1972,1.6
"132","Massachusetts",1972,1.75
"133","Michigan",1972,1.6
"134","Minnesota",1972,1.6
"135","Mississippi",1972,1.6
"136","Missouri",1972,1.6
"137","Montana",1972,1.6
"138","Nebraska",1972,1
"139","Nevada",1972,1.6
"140","New       Hampshire",1972,1.6
"141","New       Jersey",1972,1.5
"142","New       Mexico",1972,1.6
"143","New York",1972,1.85
"144","North       Carolina",1972,1.45
"145","North       Dakota",1972,1.45
"146","Ohio",1972,1.25
"147","Oklahoma",1972,1.4
"148","Oregon",1972,1.25
"149","Pennsylvania",1972,1.6
"150","Rhode       Island",1972,1.6
"151","South       Carolina",1972,1.6
"152","South       Dakota",1972,1
"153","Tennessee",1972,1.6
"154","Texas",1972,1.4
"155","Utah",1972,1.35
"156","Vermont",1972,1.6
"157","Virginia",1972,1.6
"158","Washington",1972,1.6
"159","West       Virginia",1972,1.2
"160","Wisconsin",1972,1.45
"161","Wyoming",1972,1.5
"162","District       of Columbia",1972,2.25
"163","Guam",1972,1.9
"164","Puerto       Rico",1972,1.6
"165","U.S.       Virgin Islands",1972,1.6
"166","Federal (FLSA)",1976,2.3
"167","Alabama",1976,2.3
"168","Alaska",1976,2.8
"169","Arizona",1976,2.3
"170","Arkansas",1976,1.9
"171","California",1976,2
"172","Colorado",1976,1.25
"173","Connecticut",1976,2.31
"174","Delaware",1976,2
"175","Florida",1976,2.3
"176","Georgia",1976,1.25
"177","Hawaii",1976,2.4
"178","Idaho",1976,1.6
"179","Illinois",1976,2.1
"180","Indiana",1976,1.25
"181","Iowa",1976,2.3
"182","Kansas",1976,2.3
"183","Kentucky",1976,1.6
"184","Louisiana",1976,2.3
"185","Maine",1976,2.3
"186","Maryland",1976,2.3
"187","Massachusetts",1976,2.1
"188","Michigan",1976,2.2
"189","Minnesota",1976,1.8
"190","Mississippi",1976,2.3
"191","Missouri",1976,2.3
"192","Montana",1976,1.8
"193","Nebraska",1976,1.6
"194","Nevada",1976,2.3
"195","New       Hampshire",1976,2.3
"196","New       Jersey",1976,2.2
"197","New       Mexico",1976,2
"198","New York",1976,2.3
"199","North       Carolina",1976,2
"200","North       Dakota",1976,2.3
"201","Ohio",1976,1.6
"202","Oklahoma",1976,1.8
"203","Oregon",1976,2.3
"204","Pennsylvania",1976,2.2
"205","Rhode       Island",1976,2.3
"206","South       Carolina",1976,2.3
"207","South       Dakota",1976,2
"208","Tennessee",1976,2.3
"209","Texas",1976,1.4
"210","Utah",1976,1.7
"211","Vermont",1976,2.3
"212","Virginia",1976,2
"213","Washington",1976,2.3
"214","West       Virginia",1976,2
"215","Wisconsin",1976,2.1
"216","Wyoming",1976,1.6
"217","District       of Columbia",1976,2.75
"218","Guam",1976,2.3
"219","Puerto       Rico",1976,2.5
"220","U.S.       Virgin Islands",1976,2.3
"221","Federal (FLSA)",1979,2.9
"222","Alabama",1979,2.9
"223","Alaska",1979,3.4
"224","Arizona",1979,2.9
"225","Arkansas",1979,2.3
"226","California",1979,2.9
"227","Colorado",1979,1.9
"228","Connecticut",1979,2.91
"229","Delaware",1979,2
"230","Florida",1979,2.9
"231","Georgia",1979,1.23
"232","Hawaii",1979,2.65
"233","Idaho",1979,2.3
"234","Illinois",1979,2.3
"235","Indiana",1979,2
"236","Iowa",1979,2.9
"237","Kansas",1979,1.6
"238","Kentucky",1979,2
"239","Louisiana",1979,2.9
"240","Maine",1979,2.9
"241","Maryland",1979,2.9
"242","Massachusetts",1979,2.9
"243","Michigan",1979,2.9
"244","Minnesota",1979,2.3
"245","Mississippi",1979,2.9
"246","Missouri",1979,2.9
"247","Montana",1979,2
"248","Nebraska",1979,1.6
"249","Nevada",1979,2.75
"250","New       Hampshire",1979,2.9
"251","New       Jersey",1979,2.5
"252","New       Mexico",1979,2.3
"253","New York",1979,2.9
"254","North       Carolina",1979,2.5
"255","North       Dakota",1979,2.3
"256","Ohio",1979,2.3
"257","Oklahoma",1979,2
"258","Oregon",1979,2.3
"259","Pennsylvania",1979,2.9
"260","Rhode       Island",1979,2.3
"261","South       Carolina",1979,2.9
"262","South       Dakota",1979,2.3
"263","Tennessee",1979,2.9
"264","Texas",1979,1.4
"265","Utah",1979,2.45
"266","Vermont",1979,2.9
"267","Virginia",1979,2.35
"268","Washington",1979,2.3
"269","West       Virginia",1979,2.2
"270","Wisconsin",1979,2.8
"271","Wyoming",1979,1.6
"272","District       of Columbia",1979,3
"273","Guam",1979,2.9
"274","Puerto       Rico",1979,2.5
"275","U.S.       Virgin Islands",1979,2.9
"276","Federal (FLSA)",1980,3.1
"277","Alabama",1980,3.1
"278","Alaska",1980,3.6
"279","Arizona",1980,3.1
"280","Arkansas",1980,2.55
"281","California",1980,2.9
"282","Colorado",1980,1.9
"283","Connecticut",1980,3.12
"284","Delaware",1980,2
"285","Florida",1980,3.1
"286","Georgia",1980,1.25
"287","Hawaii",1980,2.9
"288","Idaho",1980,2.3
"289","Illinois",1980,2.3
"290","Indiana",1980,2
"291","Iowa",1980,3.1
"292","Kansas",1980,1.6
"293","Kentucky",1980,2.15
"294","Louisiana",1980,3.1
"295","Maine",1980,3.1
"296","Maryland",1980,3.1
"297","Massachusetts",1980,3.1
"298","Michigan",1980,3.1
"299","Minnesota",1980,2.9
"300","Mississippi",1980,3.1
"301","Missouri",1980,3.1
"302","Montana",1980,2
"303","Nebraska",1980,1.6
"304","Nevada",1980,2.75
"305","New       Hampshire",1980,3.1
"306","New       Jersey",1980,3.1
"307","New       Mexico",1980,2.65
"308","New York",1980,3.1
"309","North       Carolina",1980,2.75
"310","North       Dakota",1980,3.1
"311","Ohio",1980,2.3
"312","Oklahoma",1980,2
"313","Oregon",1980,2.9
"314","Pennsylvania",1980,3.1
"315","Rhode       Island",1980,2.65
"316","South       Carolina",1980,3.1
"317","South       Dakota",1980,2.3
"318","Tennessee",1980,3.1
"319","Texas",1980,1.4
"320","Utah",1980,2.6
"321","Vermont",1980,3.1
"322","Virginia",1980,2.35
"323","Washington",1980,2.3
"324","West       Virginia",1980,2.2
"325","Wisconsin",1980,3
"326","Wyoming",1980,1.6
"327","District       of Columbia",1980,3.5
"328","Guam",1980,3.1
"329","Puerto       Rico",1980,2.5
"330","U.S.       Virgin Islands",1980,3.1
"331","Federal (FLSA)",1981,3.35
"332","Alabama",1981,3.35
"333","Alaska",1981,3.85
"334","Arizona",1981,3.35
"335","Arkansas",1981,2.7
"336","California",1981,3.35
"337","Colorado",1981,1.9
"338","Connecticut",1981,3.37
"339","Delaware",1981,2
"340","Florida",1981,3.35
"341","Georgia",1981,1.25
"342","Hawaii",1981,3.1
"343","Idaho",1981,2.3
"344","Illinois",1981,2.3
"345","Indiana",1981,2
"346","Iowa",1981,3.35
"347","Kansas",1981,1.6
"348","Kentucky",1981,2.15
"349","Louisiana",1981,3.35
"350","Maine",1981,3.35
"351","Maryland",1981,3.35
"352","Massachusetts",1981,3.35
"353","Michigan",1981,3.35
"354","Minnesota",1981,3.1
"355","Mississippi",1981,3.35
"356","Missouri",1981,3.35
"357","Montana",1981,2
"358","Nebraska",1981,1.6
"359","Nevada",1981,2.75
"360","New       Hampshire",1981,3.35
"361","New       Jersey",1981,3.35
"362","New       Mexico",1981,2.9
"363","New York",1981,3.35
"364","North       Carolina",1981,2.9
"365","North       Dakota",1981,3.1
"366","Ohio",1981,2.3
"367","Oklahoma",1981,3.1
"368","Oregon",1981,3.1
"369","Pennsylvania",1981,3.35
"370","Rhode       Island",1981,2.9
"371","South       Carolina",1981,3.35
"372","South       Dakota",1981,2.3
"373","Tennessee",1981,3.35
"374","Texas",1981,1.4
"375","Utah",1981,2.75
"376","Vermont",1981,3.35
"377","Virginia",1981,2.65
"378","Washington",1981,2.3
"379","West       Virginia",1981,2.75
"380","Wisconsin",1981,3.25
"381","Wyoming",1981,1.6
"382","District       of Columbia",1981,3.75
"383","Guam",1981,3.35
"384","Puerto       Rico",1981,3.1
"385","U.S.       Virgin Islands",1981,3.35
"386","Federal (FLSA)",1988,3.35
"387","Alabama",1988,3.35
"388","Alaska",1988,3.85
"389","Arizona",1988,3.35
"390","Arkansas",1988,3.25
"391","California",1988,3.35
"392","Colorado",1988,3
"393","Connecticut",1988,3.75
"394","Delaware",1988,3.35
"395","Florida",1988,3.35
"396","Georgia",1988,3.25
"397","Hawaii",1988,3.85
"398","Idaho",1988,2.3
"399","Illinois",1988,2.3
"400","Indiana",1988,2
"401","Iowa",1988,3.35
"402","Kansas",1988,1.6
"403","Kentucky",1988,3.35
"404","Louisiana",1988,3.35
"405","Maine",1988,3.65
"406","Maryland",1988,3.35
"407","Massachusetts",1988,3.65
"408","Michigan",1988,3.35
"409","Minnesota",1988,3.5
"410","Mississippi",1988,3.35
"411","Missouri",1988,3.35
"412","Montana",1988,3.35
"413","Nebraska",1988,3.35
"414","Nevada",1988,3.35
"415","New       Hampshire",1988,3.55
"416","New       Jersey",1988,3.35
"417","New       Mexico",1988,3.35
"418","New York",1988,3.35
"419","North       Carolina",1988,3.35
"420","North       Dakota",1988,3.1
"421","Ohio",1988,2.3
"422","Oklahoma",1988,3.35
"423","Oregon",1988,3.35
"424","Pennsylvania",1988,3.35
"425","Rhode       Island",1988,3.65
"426","South       Carolina",1988,3.35
"427","South       Dakota",1988,2.8
"428","Tennessee",1988,3.35
"429","Texas",1988,3.35
"430","Utah",1988,2.75
"431","Vermont",1988,3.55
"432","Virginia",1988,2.65
"433","Washington",1988,2.3
"434","West       Virginia",1988,3.35
"435","Wisconsin",1988,3.35
"436","Wyoming",1988,1.6
"437","District       of Columbia",1988,4.85
"438","Guam",1988,3.35
"439","Puerto       Rico",1988,3.35
"440","U.S.       Virgin Islands",1988,3.35
"441","Federal (FLSA)",1991,3.8
"442","Alabama",1991,3.8
"443","Alaska",1991,4.3
"444","Arizona",1991,3.8
"445","Arkansas",1991,3.35
"446","California",1991,4.25
"447","Colorado",1991,3
"448","Connecticut",1991,4.25
"449","Delaware",1991,3.8
"450","Florida",1991,3.8
"451","Georgia",1991,3.25
"452","Hawaii",1991,3.85
"453","Idaho",1991,3.8
"454","Illinois",1991,3.8
"455","Indiana",1991,3.35
"456","Iowa",1991,4.25
"457","Kansas",1991,2.65
"458","Kentucky",1991,3.8
"459","Louisiana",1991,3.8
"460","Maine",1991,3.85
"461","Maryland",1991,3.8
"462","Massachusetts",1991,3.75
"463","Michigan",1991,3.35
"464","Minnesota",1991,4.25
"465","Mississippi",1991,3.8
"466","Missouri",1991,3.8
"467","Montana",1991,3.8
"468","Nebraska",1991,3.35
"469","Nevada",1991,3.8
"470","New       Hampshire",1991,3.85
"471","New       Jersey",1991,3.8
"472","New       Mexico",1991,3.35
"473","New York",1991,3.8
"474","North       Carolina",1991,3.35
"475","North       Dakota",1991,3.4
"476","Ohio",1991,3.8
"477","Oklahoma",1991,3.8
"478","Oregon",1991,4.75
"479","Pennsylvania",1991,3.8
"480","Rhode       Island",1991,4.25
"481","South       Carolina",1991,3.8
"482","South       Dakota",1991,3.8
"483","Tennessee",1991,3.8
"484","Texas",1991,3.35
"485","Utah",1991,3.8
"486","Vermont",1991,3.85
"487","Virginia",1991,2.65
"488","Washington",1991,4.25
"489","West       Virginia",1991,3.35
"490","Wisconsin",1991,3.8
"491","Wyoming",1991,1.6
"492","District       of Columbia",1991,4.85
"493","Guam",1991,3.8
"494","Puerto       Rico",1991,4.25
"495","U.S.       Virgin Islands",1991,4.65
"496","Federal (FLSA)",1992,4.25
"497","Alabama",1992,4.25
"498","Alaska",1992,4.75
"499","Arizona",1992,4.25
"500","Arkansas",1992,3.65
"501","California",1992,4.25
"502","Colorado",1992,3
"503","Connecticut",1992,4.27
"504","Delaware",1992,4.25
"505","Florida",1992,4.25
"506","Georgia",1992,3.25
"507","Hawaii",1992,3.85
"508","Idaho",1992,4.25
"509","Illinois",1992,4.25
"510","Indiana",1992,3.35
"511","Iowa",1992,4.65
"512","Kansas",1992,2.65
"513","Kentucky",1992,4.25
"514","Louisiana",1992,4.25
"515","Maine",1992,4.25
"516","Maryland",1992,4.25
"517","Massachusetts",1992,4.25
"518","Michigan",1992,3.35
"519","Minnesota",1992,4.25
"520","Mississippi",1992,4.25
"521","Missouri",1992,4.25
"522","Montana",1992,4.25
"523","Nebraska",1992,4.25
"524","Nevada",1992,4.25
"525","New       Hampshire",1992,4.25
"526","New       Jersey",1992,4.25
"527","New       Mexico",1992,3.35
"528","New York",1992,4.25
"529","North       Carolina",1992,3.8
"530","North       Dakota",1992,4.25
"531","Ohio",1992,4.25
"532","Oklahoma",1992,4.25
"533","Oregon",1992,4.75
"534","Pennsylvania",1992,4.25
"535","Rhode       Island",1992,4.45
"536","South       Carolina",1992,4.25
"537","South       Dakota",1992,4.25
"538","Tennessee",1992,4.25
"539","Texas",1992,3.35
"540","Utah",1992,4.25
"541","Vermont",1992,4.25
"542","Virginia",1992,3.65
"543","Washington",1992,4.25
"544","West       Virginia",1992,3.8
"545","Wisconsin",1992,3.8
"546","Wyoming",1992,1.6
"547","District       of Columbia",1992,5.45
"548","Guam",1992,4.25
"549","Puerto       Rico",1992,4.25
"550","U.S.       Virgin Islands",1992,4.65
"551","Federal (FLSA)",1994,4.25
"552","Alabama",1994,4.25
"553","Alaska",1994,4.75
"554","Arizona",1994,4.25
"555","Arkansas",1994,4.25
"556","California",1994,4.25
"557","Colorado",1994,3
"558","Connecticut",1994,4.27
"559","Delaware",1994,4.25
"560","Florida",1994,4.25
"561","Georgia",1994,3.25
"562","Hawaii",1994,5.25
"563","Idaho",1994,4.25
"564","Illinois",1994,4.25
"565","Indiana",1994,3.35
"566","Iowa",1994,4.65
"567","Kansas",1994,2.65
"568","Kentucky",1994,4.25
"569","Louisiana",1994,4.25
"570","Maine",1994,4.25
"571","Maryland",1994,4.25
"572","Massachusetts",1994,4.25
"573","Michigan",1994,3.35
"574","Minnesota",1994,4.25
"575","Mississippi",1994,4.25
"576","Missouri",1994,4.25
"577","Montana",1994,4.25
"578","Nebraska",1994,4.25
"579","Nevada",1994,4.25
"580","New       Hampshire",1994,4.25
"581","New       Jersey",1994,5.05
"582","New       Mexico",1994,4.25
"583","New York",1994,4.25
"584","North       Carolina",1994,4.25
"585","North       Dakota",1994,4.25
"586","Ohio",1994,4.25
"587","Oklahoma",1994,4.25
"588","Oregon",1994,4.75
"589","Pennsylvania",1994,4.25
"590","Rhode       Island",1994,4.45
"591","South       Carolina",1994,4.25
"592","South       Dakota",1994,4.25
"593","Tennessee",1994,4.25
"594","Texas",1994,3.35
"595","Utah",1994,4.25
"596","Vermont",1994,4.25
"597","Virginia",1994,4.25
"598","Washington",1994,4.25
"599","West       Virginia",1994,4.25
"600","Wisconsin",1994,4.25
"601","Wyoming",1994,1.6
"602","District       of Columbia",1994,4.25
"603","Guam",1994,4.25
"604","Puerto       Rico",1994,4.25
"605","U.S.       Virgin Islands",1994,4.65
"606","Federal (FLSA)",1996,4.25
"607","Alabama",1996,4.25
"608","Alaska",1996,4.75
"609","Arizona",1996,4.25
"610","Arkansas",1996,4.25
"611","California",1996,4.25
"612","Colorado",1996,3
"613","Connecticut",1996,4.27
"614","Delaware",1996,4.65
"615","Florida",1996,4.25
"616","Georgia",1996,3.25
"617","Hawaii",1996,5.25
"618","Idaho",1996,4.25
"619","Illinois",1996,4.25
"620","Indiana",1996,3.35
"621","Iowa",1996,4.65
"622","Kansas",1996,2.65
"623","Kentucky",1996,4.25
"624","Louisiana",1996,4.25
"625","Maine",1996,4.25
"626","Maryland",1996,4.25
"627","Massachusetts",1996,4.75
"628","Michigan",1996,3.35
"629","Minnesota",1996,4.25
"630","Mississippi",1996,4.25
"631","Missouri",1996,4.25
"632","Montana",1996,4.25
"633","Nebraska",1996,4.25
"634","Nevada",1996,4.25
"635","New       Hampshire",1996,4.25
"636","New       Jersey",1996,5.05
"637","New       Mexico",1996,4.25
"638","New York",1996,4.25
"639","North       Carolina",1996,4.25
"640","North       Dakota",1996,4.25
"641","Ohio",1996,4.25
"642","Oklahoma",1996,4.25
"643","Oregon",1996,4.75
"644","Pennsylvania",1996,4.25
"645","Rhode       Island",1996,4.45
"646","South       Carolina",1996,4.25
"647","South       Dakota",1996,4.25
"648","Tennessee",1996,4.25
"649","Texas",1996,3.35
"650","Utah",1996,4.25
"651","Vermont",1996,4.75
"652","Virginia",1996,4.25
"653","Washington",1996,4.9
"654","West       Virginia",1996,4.25
"655","Wisconsin",1996,4.25
"656","Wyoming",1996,1.6
"657","District       of Columbia",1996,5.25
"658","Guam",1996,4.25
"659","Puerto       Rico",1996,4.75
"660","U.S.       Virgin Islands",1996,4.65
"661","Federal (FLSA)",1997,4.75
"662","Alabama",1997,4.75
"663","Alaska",1997,5.25
"664","Arizona",1997,4.75
"665","Arkansas",1997,4.25
"666","California",1997,4.75
"667","Colorado",1997,4.75
"668","Connecticut",1997,4.77
"669","Delaware",1997,5
"670","Florida",1997,4.75
"671","Georgia",1997,3.25
"672","Hawaii",1997,5.25
"673","Idaho",1997,4.25
"674","Illinois",1997,4.75
"675","Indiana",1997,3.35
"676","Iowa",1997,4.75
"677","Kansas",1997,2.65
"678","Kentucky",1997,4.25
"679","Louisiana",1997,4.75
"680","Maine",1997,4.75
"681","Maryland",1997,4.75
"682","Massachusetts",1997,5.25
"683","Michigan",1997,3.35
"684","Minnesota",1997,4.25
"685","Mississippi",1997,4.75
"686","Missouri",1997,4.75
"687","Montana",1997,4.75
"688","Nebraska",1997,4.25
"689","Nevada",1997,4.75
"690","New       Hampshire",1997,4.75
"691","New       Jersey",1997,5.05
"692","New       Mexico",1997,4.25
"693","New York",1997,4.25
"694","North       Carolina",1997,4.25
"695","North       Dakota",1997,4.75
"696","Ohio",1997,4.25
"697","Oklahoma",1997,4.75
"698","Oregon",1997,5.5
"699","Pennsylvania",1997,4.75
"700","Rhode       Island",1997,5.15
"701","South       Carolina",1997,4.75
"702","South       Dakota",1997,4.25
"703","Tennessee",1997,4.75
"704","Texas",1997,3.35
"705","Utah",1997,4.75
"706","Vermont",1997,5
"707","Virginia",1997,4.75
"708","Washington",1997,4.9
"709","West       Virginia",1997,4.25
"710","Wisconsin",1997,4.75
"711","Wyoming",1997,1.6
"712","District       of Columbia",1997,5.75
"713","Guam",1997,4.75
"714","Puerto       Rico",1997,4.75
"715","U.S.       Virgin Islands",1997,4.65
"716","Federal (FLSA)",1998,5.15
"717","Alabama",1998,5.15
"718","Alaska",1998,5.65
"719","Arizona",1998,5.15
"720","Arkansas",1998,5.15
"721","California",1998,5.15
"722","Colorado",1998,5.15
"723","Connecticut",1998,5.18
"724","Delaware",1998,5.15
"725","Florida",1998,5.15
"726","Georgia",1998,3.25
"727","Hawaii",1998,5.25
"728","Idaho",1998,5.15
"729","Illinois",1998,5.15
"730","Indiana",1998,3.35
"731","Iowa",1998,5.15
"732","Kansas",1998,2.65
"733","Kentucky",1998,4.25
"734","Louisiana",1998,5.15
"735","Maine",1998,5.15
"736","Maryland",1998,5.15
"737","Massachusetts",1998,5.25
"738","Michigan",1998,5.15
"739","Minnesota",1998,5.15
"740","Mississippi",1998,5.15
"741","Missouri",1998,5.15
"742","Montana",1998,5.15
"743","Nebraska",1998,5.15
"744","Nevada",1998,5.15
"745","New       Hampshire",1998,5.15
"746","New       Jersey",1998,5.05
"747","New       Mexico",1998,4.25
"748","New York",1998,4.25
"749","North       Carolina",1998,5.15
"750","North       Dakota",1998,5.15
"751","Ohio",1998,4.25
"752","Oklahoma",1998,5.15
"753","Oregon",1998,6
"754","Pennsylvania",1998,5.15
"755","Rhode       Island",1998,5.15
"756","South       Carolina",1998,5.15
"757","South       Dakota",1998,5.15
"758","Tennessee",1998,5.15
"759","Texas",1998,3.35
"760","Utah",1998,5.15
"761","Vermont",1998,5.25
"762","Virginia",1998,5.15
"763","Washington",1998,4.9
"764","West       Virginia",1998,4.75
"765","Wisconsin",1998,5.15
"766","Wyoming",1998,1.6
"767","District       of Columbia",1998,6.15
"768","Guam",1998,5.15
"769","Puerto       Rico",1998,5.15
"770","U.S.       Virgin Islands",1998,4.65
"771","Federal (FLSA)",2000,5.15
"772","Alabama",2000,5.15
"773","Alaska",2000,5.65
"774","Arizona",2000,5.15
"775","Arkansas",2000,5.15
"776","California",2000,5.75
"777","Colorado",2000,5.15
"778","Connecticut",2000,6.15
"779","Delaware",2000,5.65
"780","Florida",2000,5.15
"781","Georgia",2000,3.25
"782","Hawaii",2000,5.25
"783","Idaho",2000,5.15
"784","Illinois",2000,5.15
"785","Indiana",2000,5.15
"786","Iowa",2000,5.15
"787","Kansas",2000,2.65
"788","Kentucky",2000,5.15
"789","Louisiana",2000,5.15
"790","Maine",2000,5.15
"791","Maryland",2000,5.15
"792","Massachusetts",2000,6
"793","Michigan",2000,5.15
"794","Minnesota",2000,5.15
"795","Mississippi",2000,5.15
"796","Missouri",2000,5.15
"797","Montana",2000,5.15
"798","Nebraska",2000,5.15
"799","Nevada",2000,5.15
"800","New       Hampshire",2000,5.15
"801","New       Jersey",2000,5.15
"802","New       Mexico",2000,4.25
"803","New York",2000,4.25
"804","North       Carolina",2000,5.15
"805","North       Dakota",2000,5.15
"806","Ohio",2000,4.25
"807","Oklahoma",2000,5.15
"808","Oregon",2000,6.5
"809","Pennsylvania",2000,5.15
"810","Rhode       Island",2000,5.65
"811","South       Carolina",2000,5.15
"812","South       Dakota",2000,5.15
"813","Tennessee",2000,5.15
"814","Texas",2000,3.35
"815","Utah",2000,5.15
"816","Vermont",2000,5.75
"817","Virginia",2000,5.15
"818","Washington",2000,6.5
"819","West       Virginia",2000,5.15
"820","Wisconsin",2000,5.15
"821","Wyoming",2000,1.6
"822","District       of Columbia",2000,6.15
"823","Guam",2000,5.15
"824","Puerto       Rico",2000,5.15
"825","U.S.       Virgin Islands",2000,4.65
"826","Federal (FLSA)",2001,5.15
"827","Alabama",2001,5.15
"828","Alaska",2001,5.65
"829","Arizona",2001,5.15
"830","Arkansas",2001,5.15
"831","California",2001,6.25
"832","Colorado",2001,5.15
"833","Connecticut",2001,6.4
"834","Delaware",2001,6.15
"835","Florida",2001,5.15
"836","Georgia",2001,3.25
"837","Hawaii",2001,5.25
"838","Idaho",2001,5.15
"839","Illinois",2001,5.15
"840","Indiana",2001,5.15
"841","Iowa",2001,5.15
"842","Kansas",2001,2.65
"843","Kentucky",2001,5.15
"844","Louisiana",2001,5.15
"845","Maine",2001,5.15
"846","Maryland",2001,5.15
"847","Massachusetts",2001,6.75
"848","Michigan",2001,5.15
"849","Minnesota",2001,5.15
"850","Mississippi",2001,5.15
"851","Missouri",2001,5.15
"852","Montana",2001,5.15
"853","Nebraska",2001,5.15
"854","Nevada",2001,5.15
"855","New       Hampshire",2001,5.15
"856","New       Jersey",2001,5.15
"857","New       Mexico",2001,4.25
"858","New York",2001,5.15
"859","North       Carolina",2001,5.15
"860","North       Dakota",2001,5.15
"861","Ohio",2001,4.25
"862","Oklahoma",2001,5.15
"863","Oregon",2001,6.5
"864","Pennsylvania",2001,5.15
"865","Rhode       Island",2001,6.15
"866","South       Carolina",2001,5.15
"867","South       Dakota",2001,5.15
"868","Tennessee",2001,5.15
"869","Texas",2001,3.35
"870","Utah",2001,5.15
"871","Vermont",2001,6.25
"872","Virginia",2001,5.15
"873","Washington",2001,6.72
"874","West       Virginia",2001,5.15
"875","Wisconsin",2001,5.15
"876","Wyoming",2001,1.6
"877","District       of Columbia",2001,6.15
"878","Guam",2001,5.15
"879","Puerto       Rico",2001,5.15
"880","U.S.       Virgin Islands",2001,4.65
"881","Federal (FLSA)",2002,5.15
"882","Alabama",2002,5.15
"883","Alaska",2002,5.65
"884","Arizona",2002,5.15
"885","Arkansas",2002,5.15
"886","California",2002,6.75
"887","Colorado",2002,5.15
"888","Connecticut",2002,6.7
"889","Delaware",2002,6.15
"890","Florida",2002,5.15
"891","Georgia",2002,5.15
"892","Hawaii",2002,5.75
"893","Idaho",2002,5.15
"894","Illinois",2002,5.15
"895","Indiana",2002,5.15
"896","Iowa",2002,5.15
"897","Kansas",2002,2.65
"898","Kentucky",2002,5.15
"899","Louisiana",2002,5.15
"900","Maine",2002,5.75
"901","Maryland",2002,5.15
"902","Massachusetts",2002,6.75
"903","Michigan",2002,5.15
"904","Minnesota",2002,5.15
"905","Mississippi",2002,5.15
"906","Missouri",2002,5.15
"907","Montana",2002,5.15
"908","Nebraska",2002,5.15
"909","Nevada",2002,5.15
"910","New       Hampshire",2002,5.15
"911","New       Jersey",2002,5.15
"912","New       Mexico",2002,4.25
"913","New York",2002,5.15
"914","North       Carolina",2002,5.15
"915","North       Dakota",2002,5.15
"916","Ohio",2002,4.25
"917","Oklahoma",2002,5.15
"918","Oregon",2002,6.5
"919","Pennsylvania",2002,5.15
"920","Rhode       Island",2002,6.15
"921","South       Carolina",2002,5.15
"922","South       Dakota",2002,5.15
"923","Tennessee",2002,5.15
"924","Texas",2002,5.15
"925","Utah",2002,5.15
"926","Vermont",2002,6.25
"927","Virginia",2002,5.15
"928","Washington",2002,6.9
"929","West       Virginia",2002,5.15
"930","Wisconsin",2002,5.15
"931","Wyoming",2002,5.15
"932","District       of Columbia",2002,6.15
"933","Guam",2002,5.15
"934","Puerto       Rico",2002,5.15
"935","U.S.       Virgin Islands",2002,4.65
"936","Federal (FLSA)",2003,5.15
"937","Alabama",2003,5.15
"938","Alaska",2003,7.15
"939","Arizona",2003,5.15
"940","Arkansas",2003,5.15
"941","California",2003,6.75
"942","Colorado",2003,5.15
"943","Connecticut",2003,6.9
"944","Delaware",2003,6.15
"945","Florida",2003,5.15
"946","Georgia",2003,5.15
"947","Hawaii",2003,6.25
"948","Idaho",2003,5.15
"949","Illinois",2003,5.15
"950","Indiana",2003,5.15
"951","Iowa",2003,5.15
"952","Kansas",2003,2.65
"953","Kentucky",2003,5.15
"954","Louisiana",2003,5.15
"955","Maine",2003,6.25
"956","Maryland",2003,5.15
"957","Massachusetts",2003,6.75
"958","Michigan",2003,5.15
"959","Minnesota",2003,5.15
"960","Mississippi",2003,5.15
"961","Missouri",2003,5.15
"962","Montana",2003,5.15
"963","Nebraska",2003,5.15
"964","Nevada",2003,5.15
"965","New       Hampshire",2003,5.15
"966","New       Jersey",2003,5.15
"967","New       Mexico",2003,4.25
"968","New York",2003,5.15
"969","North       Carolina",2003,5.15
"970","North       Dakota",2003,5.15
"971","Ohio",2003,4.25
"972","Oklahoma",2003,5.15
"973","Oregon",2003,6.9
"974","Pennsylvania",2003,5.15
"975","Rhode       Island",2003,6.15
"976","South       Carolina",2003,5.15
"977","South       Dakota",2003,5.15
"978","Tennessee",2003,5.15
"979","Texas",2003,5.15
"980","Utah",2003,5.15
"981","Vermont",2003,6.25
"982","Virginia",2003,5.15
"983","Washington",2003,7.01
"984","West       Virginia",2003,5.15
"985","Wisconsin",2003,5.15
"986","Wyoming",2003,5.15
"987","District       of Columbia",2003,6.15
"988","Guam",2003,5.15
"989","Puerto       Rico",2003,5.15
"990","U.S.       Virgin Islands",2003,4.65
"991","Federal (FLSA)",2004,5.15
"992","Alabama",2004,5.15
"993","Alaska",2004,7.15
"994","Arizona",2004,5.15
"995","Arkansas",2004,5.15
"996","California",2004,6.75
"997","Colorado",2004,5.15
"998","Connecticut",2004,7.1
"999","Delaware",2004,6.15
"1000","Florida",2004,5.15
"1001","Georgia",2004,5.15
"1002","Hawaii",2004,6.25
"1003","Idaho",2004,5.15
"1004","Illinois",2004,5.5
"1005","Indiana",2004,5.15
"1006","Iowa",2004,5.15
"1007","Kansas",2004,2.65
"1008","Kentucky",2004,5.15
"1009","Louisiana",2004,5.15
"1010","Maine",2004,6.25
"1011","Maryland",2004,5.15
"1012","Massachusetts",2004,6.75
"1013","Michigan",2004,5.15
"1014","Minnesota",2004,5.15
"1015","Mississippi",2004,5.15
"1016","Missouri",2004,5.15
"1017","Montana",2004,5.15
"1018","Nebraska",2004,5.15
"1019","Nevada",2004,5.15
"1020","New       Hampshire",2004,5.15
"1021","New       Jersey",2004,5.15
"1022","New       Mexico",2004,5.15
"1023","New York",2004,5.15
"1024","North       Carolina",2004,5.15
"1025","North       Dakota",2004,5.15
"1026","Ohio",2004,4.25
"1027","Oklahoma",2004,5.15
"1028","Oregon",2004,7.05
"1029","Pennsylvania",2004,5.15
"1030","Rhode       Island",2004,6.75
"1031","South       Carolina",2004,5.15
"1032","South       Dakota",2004,5.15
"1033","Tennessee",2004,5.15
"1034","Texas",2004,5.15
"1035","Utah",2004,5.15
"1036","Vermont",2004,6.75
"1037","Virginia",2004,5.15
"1038","Washington",2004,7.16
"1039","West       Virginia",2004,5.15
"1040","Wisconsin",2004,5.15
"1041","Wyoming",2004,5.15
"1042","District       of Columbia",2004,6.15
"1043","Guam",2004,5.15
"1044","Puerto       Rico",2004,5.15
"1045","U.S.       Virgin Islands",2004,4.65
"1046","Federal (FLSA)",2005,5.15
"1047","Alabama",2005,5.15
"1048","Alaska",2005,7.15
"1049","Arizona",2005,5.15
"1050","Arkansas",2005,5.15
"1051","California",2005,6.75
"1052","Colorado",2005,5.15
"1053","Connecticut",2005,7.1
"1054","Delaware",2005,6.15
"1055","Florida",2005,5.15
"1056","Georgia",2005,5.15
"1057","Hawaii",2005,6.25
"1058","Idaho",2005,5.15
"1059","Illinois",2005,6.5
"1060","Indiana",2005,5.15
"1061","Iowa",2005,5.15
"1062","Kansas",2005,2.65
"1063","Kentucky",2005,5.15
"1064","Louisiana",2005,5.15
"1065","Maine",2005,6.35
"1066","Maryland",2005,5.15
"1067","Massachusetts",2005,6.75
"1068","Michigan",2005,5.15
"1069","Minnesota",2005,5.15
"1070","Mississippi",2005,5.15
"1071","Missouri",2005,5.15
"1072","Montana",2005,5.15
"1073","Nebraska",2005,5.15
"1074","Nevada",2005,5.15
"1075","New       Hampshire",2005,5.15
"1076","New       Jersey",2005,5.15
"1077","New       Mexico",2005,5.15
"1078","New York",2005,6
"1079","North       Carolina",2005,5.15
"1080","North       Dakota",2005,5.15
"1081","Ohio",2005,4.25
"1082","Oklahoma",2005,5.15
"1083","Oregon",2005,7.25
"1084","Pennsylvania",2005,5.15
"1085","Rhode       Island",2005,6.75
"1086","South       Carolina",2005,5.15
"1087","South       Dakota",2005,5.15
"1088","Tennessee",2005,5.15
"1089","Texas",2005,5.15
"1090","Utah",2005,5.15
"1091","Vermont",2005,7
"1092","Virginia",2005,5.15
"1093","Washington",2005,7.35
"1094","West       Virginia",2005,5.15
"1095","Wisconsin",2005,5.15
"1096","Wyoming",2005,5.15
"1097","District       of Columbia",2005,6.6
"1098","Guam",2005,5.15
"1099","Puerto       Rico",2005,5.15
"1100","U.S.       Virgin Islands",2005,4.65
"1101","Federal (FLSA)",2006,5.15
"1102","Alabama",2006,5.15
"1103","Alaska",2006,7.15
"1104","Arizona",2006,5.15
"1105","Arkansas",2006,5.15
"1106","California",2006,6.75
"1107","Colorado",2006,5.15
"1108","Connecticut",2006,7.4
"1109","Delaware",2006,6.15
"1110","Florida",2006,6.4
"1111","Georgia",2006,5.15
"1112","Hawaii",2006,6.75
"1113","Idaho",2006,5.15
"1114","Illinois",2006,6.5
"1115","Indiana",2006,5.15
"1116","Iowa",2006,5.15
"1117","Kansas",2006,2.65
"1118","Kentucky",2006,5.15
"1119","Louisiana",2006,5.15
"1120","Maine",2006,6.5
"1121","Maryland",2006,5.15
"1122","Massachusetts",2006,6.75
"1123","Michigan",2006,5.15
"1124","Minnesota",2006,6.15
"1125","Mississippi",2006,5.15
"1126","Missouri",2006,5.15
"1127","Montana",2006,5.15
"1128","Nebraska",2006,5.15
"1129","Nevada",2006,5.15
"1130","New       Hampshire",2006,5.15
"1131","New       Jersey",2006,6.15
"1132","New       Mexico",2006,5.15
"1133","New York",2006,6.75
"1134","North       Carolina",2006,5.15
"1135","North       Dakota",2006,5.15
"1136","Ohio",2006,4.25
"1137","Oklahoma",2006,5.15
"1138","Oregon",2006,7.5
"1139","Pennsylvania",2006,5.15
"1140","Rhode       Island",2006,6.75
"1141","South       Carolina",2006,5.15
"1142","South       Dakota",2006,5.15
"1143","Tennessee",2006,5.15
"1144","Texas",2006,5.15
"1145","Utah",2006,5.15
"1146","Vermont",2006,7.25
"1147","Virginia",2006,5.15
"1148","Washington",2006,7.63
"1149","West       Virginia",2006,5.15
"1150","Wisconsin",2006,5.7
"1151","Wyoming",2006,5.15
"1152","District       of Columbia",2006,7
"1153","Guam",2006,5.15
"1154","Puerto       Rico",2006,5.15
"1155","U.S.       Virgin Islands",2006,4.65
"1156","Federal (FLSA)",2007,5.15
"1157","Alabama",2007,5.15
"1158","Alaska",2007,7.15
"1159","Arizona",2007,6.75
"1160","Arkansas",2007,6.25
"1161","California",2007,7.5
"1162","Colorado",2007,6.85
"1163","Connecticut",2007,7.65
"1164","Delaware",2007,6.65
"1165","Florida",2007,6.67
"1166","Georgia",2007,5.15
"1167","Hawaii",2007,7.25
"1168","Idaho",2007,5.15
"1169","Illinois",2007,6.5
"1170","Indiana",2007,5.15
"1171","Iowa",2007,5.15
"1172","Kansas",2007,2.65
"1173","Kentucky",2007,5.15
"1174","Louisiana",2007,5.15
"1175","Maine",2007,6.75
"1176","Maryland",2007,6.15
"1177","Massachusetts",2007,7.5
"1178","Michigan",2007,6.95
"1179","Minnesota",2007,6.15
"1180","Mississippi",2007,5.15
"1181","Missouri",2007,6.5
"1182","Montana",2007,6.15
"1183","Nebraska",2007,5.15
"1184","Nevada",2007,6.15
"1185","New       Hampshire",2007,5.15
"1186","New       Jersey",2007,7.15
"1187","New       Mexico",2007,5.15
"1188","New York",2007,7.15
"1189","North       Carolina",2007,6.15
"1190","North       Dakota",2007,5.15
"1191","Ohio",2007,6.85
"1192","Oklahoma",2007,5.15
"1193","Oregon",2007,7.8
"1194","Pennsylvania",2007,6.25
"1195","Rhode       Island",2007,7.4
"1196","South       Carolina",2007,5.15
"1197","South       Dakota",2007,5.15
"1198","Tennessee",2007,5.15
"1199","Texas",2007,5.15
"1200","Utah",2007,5.15
"1201","Vermont",2007,7.53
"1202","Virginia",2007,5.15
"1203","Washington",2007,7.93
"1204","West       Virginia",2007,5.85
"1205","Wisconsin",2007,6.5
"1206","Wyoming",2007,5.15
"1207","District       of Columbia",2007,7
"1208","Guam",2007,5.15
"1209","Puerto       Rico",2007,5.15
"1210","U.S.       Virgin Islands",2007,6.15
"1211","Federal (FLSA)",2008,5.85
"1212","Alabama",2008,5.85
"1213","Alaska",2008,7.15
"1214","Arizona",2008,6.9
"1215","Arkansas",2008,6.25
"1216","California",2008,8
"1217","Colorado",2008,7.02
"1218","Connecticut",2008,7.65
"1219","Delaware",2008,7.15
"1220","Florida",2008,6.79
"1221","Georgia",2008,5.15
"1222","Hawaii",2008,7.25
"1223","Idaho",2008,5.85
"1224","Illinois",2008,7.5
"1225","Indiana",2008,5.85
"1226","Iowa",2008,7.25
"1227","Kansas",2008,2.65
"1228","Kentucky",2008,5.85
"1229","Louisiana",2008,5.85
"1230","Maine",2008,7
"1231","Maryland",2008,6.15
"1232","Massachusetts",2008,8
"1233","Michigan",2008,7.15
"1234","Minnesota",2008,6.15
"1235","Mississippi",2008,5.85
"1236","Missouri",2008,6.65
"1237","Montana",2008,6.25
"1238","Nebraska",2008,5.85
"1239","Nevada",2008,6.33
"1240","New       Hampshire",2008,6.5
"1241","New       Jersey",2008,7.15
"1242","New       Mexico",2008,6.5
"1243","New York",2008,7.15
"1244","North       Carolina",2008,6.15
"1245","North       Dakota",2008,5.85
"1246","Ohio",2008,7
"1247","Oklahoma",2008,5.85
"1248","Oregon",2008,7.95
"1249","Pennsylvania",2008,7.15
"1250","Rhode       Island",2008,7.4
"1251","South       Carolina",2008,5.85
"1252","South       Dakota",2008,5.85
"1253","Tennessee",2008,5.85
"1254","Texas",2008,5.85
"1255","Utah",2008,5.85
"1256","Vermont",2008,7.68
"1257","Virginia",2008,5.85
"1258","Washington",2008,8.07
"1259","West       Virginia",2008,6.55
"1260","Wisconsin",2008,6.5
"1261","Wyoming",2008,5.15
"1262","District       of Columbia",2008,7
"1263","Guam",2008,5.85
"1264","Puerto       Rico",2008,5.15
"1265","U.S.       Virgin Islands",2008,6.15
"1266","Federal (FLSA)",2009,6.55
"1267","Alabama",2009,6.55
"1268","Alaska",2009,7.15
"1269","Arizona",2009,7.25
"1270","Arkansas",2009,6.25
"1271","California",2009,8
"1272","Colorado",2009,7.28
"1273","Connecticut",2009,8
"1274","Delaware",2009,7.15
"1275","Florida",2009,7.21
"1276","Georgia",2009,5.15
"1277","Hawaii",2009,7.25
"1278","Idaho",2009,6.55
"1279","Illinois",2009,7.75
"1280","Indiana",2009,6.55
"1281","Iowa",2009,7.25
"1282","Kansas",2009,2.65
"1283","Kentucky",2009,6.55
"1284","Louisiana",2009,6.55
"1285","Maine",2009,7.25
"1286","Maryland",2009,6.55
"1287","Massachusetts",2009,8
"1288","Michigan",2009,7.4
"1289","Minnesota",2009,6.15
"1290","Mississippi",2009,6.55
"1291","Missouri",2009,7.05
"1292","Montana",2009,6.9
"1293","Nebraska",2009,6.55
"1294","Nevada",2009,6.85
"1295","New       Hampshire",2009,7.25
"1296","New       Jersey",2009,7.15
"1297","New       Mexico",2009,7.5
"1298","New York",2009,7.15
"1299","North       Carolina",2009,6.55
"1300","North       Dakota",2009,6.55
"1301","Ohio",2009,7.3
"1302","Oklahoma",2009,6.55
"1303","Oregon",2009,8.4
"1304","Pennsylvania",2009,7.15
"1305","Rhode       Island",2009,7.4
"1306","South       Carolina",2009,6.55
"1307","South       Dakota",2009,6.55
"1308","Tennessee",2009,6.55
"1309","Texas",2009,6.55
"1310","Utah",2009,6.55
"1311","Vermont",2009,8.06
"1312","Virginia",2009,6.55
"1313","Washington",2009,8.55
"1314","West       Virginia",2009,7.25
"1315","Wisconsin",2009,6.5
"1316","Wyoming",2009,5.15
"1317","District       of Columbia",2009,7.55
"1318","Guam",2009,5.85
"1319","Puerto       Rico",2009,4.1
"1320","U.S.       Virgin Islands",2009,6.15
"1321","Federal (FLSA)",2010,7.25
"1322","Alabama",2010,7.25
"1323","Alaska",2010,7.75
"1324","Arizona",2010,7.25
"1325","Arkansas",2010,6.25
"1326","California",2010,8
"1327","Colorado",2010,7.24
"1328","Connecticut",2010,8.25
"1329","Delaware",2010,7.25
"1330","Florida",2010,7.25
"1331","Georgia",2010,5.15
"1332","Hawaii",2010,7.25
"1333","Idaho",2010,7.25
"1334","Illinois",2010,8
"1335","Indiana",2010,7.25
"1336","Iowa",2010,7.25
"1337","Kansas",2010,7.25
"1338","Kentucky",2010,7.25
"1339","Louisiana",2010,7.25
"1340","Maine",2010,7.5
"1341","Maryland",2010,7.25
"1342","Massachusetts",2010,8
"1343","Michigan",2010,7.4
"1344","Minnesota",2010,6.15
"1345","Mississippi",2010,7.25
"1346","Missouri",2010,7.25
"1347","Montana",2010,7.25
"1348","Nebraska",2010,7.25
"1349","Nevada",2010,7.55
"1350","New       Hampshire",2010,7.25
"1351","New       Jersey",2010,7.25
"1352","New       Mexico",2010,7.5
"1353","New York",2010,7.25
"1354","North       Carolina",2010,7.25
"1355","North       Dakota",2010,7.25
"1356","Ohio",2010,7.3
"1357","Oklahoma",2010,7.25
"1358","Oregon",2010,8.4
"1359","Pennsylvania",2010,7.25
"1360","Rhode       Island",2010,7.4
"1361","South       Carolina",2010,7.25
"1362","South       Dakota",2010,7.25
"1363","Tennessee",2010,7.25
"1364","Texas",2010,7.25
"1365","Utah",2010,7.25
"1366","Vermont",2010,8.06
"1367","Virginia",2010,7.25
"1368","Washington",2010,8.55
"1369","West       Virginia",2010,7.25
"1370","Wisconsin",2010,7.25
"1371","Wyoming",2010,5.15
"1372","District       of Columbia",2010,8.25
"1373","Guam",2010,7.25
"1374","Puerto       Rico",2010,7.25
"1375","U.S.       Virgin Islands",2010,7.25
"1376","Federal (FLSA)",2011,7.25
"1377","Alabama",2011,7.25
"1378","Alaska",2011,7.75
"1379","Arizona",2011,7.35
"1380","Arkansas",2011,6.25
"1381","California",2011,8
"1382","Colorado",2011,7.36
"1383","Connecticut",2011,8.25
"1384","Delaware",2011,7.25
"1385","Florida",2011,7.25
"1386","Georgia",2011,5.15
"1387","Hawaii",2011,7.25
"1388","Idaho",2011,7.25
"1389","Illinois",2011,8.25
"1390","Indiana",2011,7.25
"1391","Iowa",2011,7.25
"1392","Kansas",2011,7.25
"1393","Kentucky",2011,7.25
"1394","Louisiana",2011,7.25
"1395","Maine",2011,7.5
"1396","Maryland",2011,7.25
"1397","Massachusetts",2011,8
"1398","Michigan",2011,7.4
"1399","Minnesota",2011,6.15
"1400","Mississippi",2011,7.25
"1401","Missouri",2011,7.25
"1402","Montana",2011,7.35
"1403","Nebraska",2011,7.25
"1404","Nevada",2011,8.25
"1405","New       Hampshire",2011,7.25
"1406","New       Jersey",2011,7.25
"1407","New       Mexico",2011,7.5
"1408","New York",2011,7.25
"1409","North       Carolina",2011,7.25
"1410","North       Dakota",2011,7.25
"1411","Ohio",2011,7.4
"1412","Oklahoma",2011,7.25
"1413","Oregon",2011,8.5
"1414","Pennsylvania",2011,7.25
"1415","Rhode       Island",2011,7.4
"1416","South       Carolina",2011,7.25
"1417","South       Dakota",2011,7.25
"1418","Tennessee",2011,7.25
"1419","Texas",2011,7.25
"1420","Utah",2011,7.25
"1421","Vermont",2011,8.15
"1422","Virginia",2011,7.25
"1423","Washington",2011,8.67
"1424","West       Virginia",2011,7.25
"1425","Wisconsin",2011,7.25
"1426","Wyoming",2011,5.15
"1427","District       of Columbia",2011,8.25
"1428","Guam",2011,7.25
"1429","Puerto       Rico",2011,7.25
"1430","U.S.       Virgin Islands",2011,7.25
"1431","Federal (FLSA)",2012,7.25
"1432","Alabama",2012,7.25
"1433","Alaska",2012,7.75
"1434","Arizona",2012,7.65
"1435","Arkansas",2012,6.25
"1436","California",2012,8
"1437","Colorado",2012,7.64
"1438","Connecticut",2012,8.25
"1439","Delaware",2012,7.25
"1440","Florida",2012,7.67
"1441","Georgia",2012,5.15
"1442","Hawaii",2012,7.25
"1443","Idaho",2012,7.25
"1444","Illinois",2012,8.25
"1445","Indiana",2012,7.25
"1446","Iowa",2012,7.25
"1447","Kansas",2012,7.25
"1448","Kentucky",2012,7.25
"1449","Louisiana",2012,7.25
"1450","Maine",2012,7.5
"1451","Maryland",2012,7.25
"1452","Massachusetts",2012,8
"1453","Michigan",2012,7.4
"1454","Minnesota",2012,6.15
"1455","Mississippi",2012,7.25
"1456","Missouri",2012,7.25
"1457","Montana",2012,7.65
"1458","Nebraska",2012,7.25
"1459","Nevada",2012,8.25
"1460","New       Hampshire",2012,7.25
"1461","New       Jersey",2012,7.25
"1462","New       Mexico",2012,7.5
"1463","New York",2012,7.25
"1464","North       Carolina",2012,7.25
"1465","North       Dakota",2012,7.25
"1466","Ohio",2012,7.7
"1467","Oklahoma",2012,7.25
"1468","Oregon",2012,8.8
"1469","Pennsylvania",2012,7.25
"1470","Rhode       Island",2012,7.4
"1471","South       Carolina",2012,7.25
"1472","South       Dakota",2012,7.25
"1473","Tennessee",2012,7.25
"1474","Texas",2012,7.25
"1475","Utah",2012,7.25
"1476","Vermont",2012,8.46
"1477","Virginia",2012,7.25
"1478","Washington",2012,9.04
"1479","West       Virginia",2012,7.25
"1480","Wisconsin",2012,7.25
"1481","Wyoming",2012,5.15
"1482","District       of Columbia",2012,8.25
"1483","Guam",2012,7.25
"1484","Puerto       Rico",2012,7.25
"1485","U.S.       Virgin Islands",2012,7.25
"1486","Federal (FLSA)",2013,7.25
"1487","Alabama",2013,7.25
"1488","Alaska",2013,7.75
"1489","Arizona",2013,7.8
"1490","Arkansas",2013,6.25
"1491","California",2013,8
"1492","Colorado",2013,7.78
"1493","Connecticut",2013,8.25
"1494","Delaware",2013,7.25
"1495","Florida",2013,7.79
"1496","Georgia",2013,5.15
"1497","Hawaii",2013,7.25
"1498","Idaho",2013,7.25
"1499","Illinois",2013,8.25
"1500","Indiana",2013,7.25
"1501","Iowa",2013,7.25
"1502","Kansas",2013,7.25
"1503","Kentucky",2013,7.25
"1504","Louisiana",2013,7.25
"1505","Maine",2013,7.5
"1506","Maryland",2013,7.25
"1507","Massachusetts",2013,8
"1508","Michigan",2013,7.4
"1509","Minnesota",2013,6.15
"1510","Mississippi",2013,7.25
"1511","Missouri",2013,7.35
"1512","Montana",2013,7.8
"1513","Nebraska",2013,7.25
"1514","Nevada",2013,8.25
"1515","New       Hampshire",2013,7.25
"1516","New       Jersey",2013,7.25
"1517","New       Mexico",2013,7.5
"1518","New York",2013,7.25
"1519","North       Carolina",2013,7.25
"1520","North       Dakota",2013,7.25
"1521","Ohio",2013,7.85
"1522","Oklahoma",2013,7.25
"1523","Oregon",2013,8.95
"1524","Pennsylvania",2013,7.25
"1525","Rhode       Island",2013,7.75
"1526","South       Carolina",2013,7.25
"1527","South       Dakota",2013,7.25
"1528","Tennessee",2013,7.25
"1529","Texas",2013,7.25
"1530","Utah",2013,7.25
"1531","Vermont",2013,8.6
"1532","Virginia",2013,7.25
"1533","Washington",2013,9.19
"1534","West       Virginia",2013,7.25
"1535","Wisconsin",2013,7.25
"1536","Wyoming",2013,5.15
"1537","District       of Columbia",2013,8.25
"1538","Guam",2013,7.25
"1539","Puerto       Rico",2013,7.25
"1540","U.S.       Virgin Islands",2013,7.25
"1541","Federal (FLSA)",2014,7.25
"1542","Alabama",2014,7.25
"1543","Alaska",2014,7.75
"1544","Arizona",2014,7.9
"1545","Arkansas",2014,6.25
"1546","California",2014,9
"1547","Colorado",2014,8
"1548","Connecticut",2014,8.7
"1549","Delaware",2014,7.75
"1550","Florida",2014,7.93
"1551","Georgia",2014,5.15
"1552","Hawaii",2014,7.25
"1553","Idaho",2014,7.25
"1554","Illinois",2014,8.25
"1555","Indiana",2014,7.25
"1556","Iowa",2014,7.25
"1557","Kansas",2014,7.25
"1558","Kentucky",2014,7.25
"1559","Louisiana",2014,7.25
"1560","Maine",2014,7.5
"1561","Maryland",2014,7.25
"1562","Massachusetts",2014,8
"1563","Michigan",2014,8.15
"1564","Minnesota",2014,8
"1565","Mississippi",2014,7.25
"1566","Missouri",2014,7.5
"1567","Montana",2014,7.9
"1568","Nebraska",2014,7.25
"1569","Nevada",2014,8.25
"1570","New       Hampshire",2014,7.25
"1571","New       Jersey",2014,8.25
"1572","New       Mexico",2014,7.5
"1573","New York",2014,8
"1574","North       Carolina",2014,7.25
"1575","North       Dakota",2014,7.25
"1576","Ohio",2014,7.95
"1577","Oklahoma",2014,7.25
"1578","Oregon",2014,9.1
"1579","Pennsylvania",2014,7.25
"1580","Rhode       Island",2014,8
"1581","South       Carolina",2014,7.25
"1582","South       Dakota",2014,7.25
"1583","Tennessee",2014,7.25
"1584","Texas",2014,7.25
"1585","Utah",2014,7.25
"1586","Vermont",2014,8.73
"1587","Virginia",2014,7.25
"1588","Washington",2014,9.32
"1589","West       Virginia",2014,7.25
"1590","Wisconsin",2014,7.25
"1591","Wyoming",2014,5.15
"1592","District       of Columbia",2014,9.5
"1593","Guam",2014,7.25
"1594","Puerto       Rico",2014,7.25
"1595","U.S.       Virgin Islands",2014,7.25
"1596","Federal (FLSA)",2015,7.25
"1597","Alabama",2015,7.25
"1598","Alaska",2015,8.75
"1599","Arizona",2015,8.05
"1600","Arkansas",2015,7.5
"1601","California",2015,9
"1602","Colorado",2015,8.23
"1603","Connecticut",2015,9.15
"1604","Delaware",2015,8.25
"1605","Florida",2015,8.05
"1606","Georgia",2015,5.15
"1607","Hawaii",2015,7.75
"1608","Idaho",2015,7.25
"1609","Illinois",2015,8.25
"1610","Indiana",2015,7.25
"1611","Iowa",2015,7.25
"1612","Kansas",2015,7.25
"1613","Kentucky",2015,7.25
"1614","Louisiana",2015,7.25
"1615","Maine",2015,7.5
"1616","Maryland",2015,8.25
"1617","Massachusetts",2015,9
"1618","Michigan",2015,8.15
"1619","Minnesota",2015,9
"1620","Mississippi",2015,7.25
"1621","Missouri",2015,7.65
"1622","Montana",2015,8.05
"1623","Nebraska",2015,8
"1624","Nevada",2015,8.25
"1625","New       Hampshire",2015,7.25
"1626","New       Jersey",2015,8.38
"1627","New       Mexico",2015,7.5
"1628","New York",2015,8.75
"1629","North       Carolina",2015,7.25
"1630","North       Dakota",2015,7.25
"1631","Ohio",2015,8.1
"1632","Oklahoma",2015,7.25
"1633","Oregon",2015,9.25
"1634","Pennsylvania",2015,7.25
"1635","Rhode       Island",2015,9
"1636","South       Carolina",2015,7.25
"1637","South       Dakota",2015,8.5
"1638","Tennessee",2015,7.25
"1639","Texas",2015,7.25
"1640","Utah",2015,7.25
"1641","Vermont",2015,9.15
"1642","Virginia",2015,7.25
"1643","Washington",2015,9.47
"1644","West       Virginia",2015,8
"1645","Wisconsin",2015,7.25
"1646","Wyoming",2015,5.15
"1647","District       of Columbia",2015,10.5
"1648","Guam",2015,8.25
"1649","Puerto       Rico",2015,7.25
"1650","U.S.       Virgin Islands",2015,7.25
"1651","Federal (FLSA)",2016,7.25
"1652","Alabama",2016,7.25
"1653","Alaska",2016,9.75
"1654","Arizona",2016,8.05
"1655","Arkansas",2016,8
"1656","California",2016,10
"1657","Colorado",2016,8.31
"1658","Connecticut",2016,9.6
"1659","Delaware",2016,8.25
"1660","Florida",2016,8.05
"1661","Georgia",2016,5.15
"1662","Hawaii",2016,8.5
"1663","Idaho",2016,7.25
"1664","Illinois",2016,8.25
"1665","Indiana",2016,7.25
"1666","Iowa",2016,7.25
"1667","Kansas",2016,7.25
"1668","Kentucky",2016,7.25
"1669","Louisiana",2016,7.25
"1670","Maine",2016,7.5
"1671","Maryland",2016,8.75
"1672","Massachusetts",2016,10
"1673","Michigan",2016,8.5
"1674","Minnesota",2016,9.5
"1675","Mississippi",2016,7.25
"1676","Missouri",2016,7.65
"1677","Montana",2016,8.05
"1678","Nebraska",2016,9
"1679","Nevada",2016,8.25
"1680","New       Hampshire",2016,7.25
"1681","New       Jersey",2016,8.38
"1682","New       Mexico",2016,7.5
"1683","New York",2016,9
"1684","North       Carolina",2016,7.25
"1685","North       Dakota",2016,7.25
"1686","Ohio",2016,8.1
"1687","Oklahoma",2016,7.25
"1688","Oregon",2016,9.75
"1689","Pennsylvania",2016,7.25
"1690","Rhode       Island",2016,9.6
"1691","South       Carolina",2016,7.25
"1692","South       Dakota",2016,8.55
"1693","Tennessee",2016,7.25
"1694","Texas",2016,7.25
"1695","Utah",2016,7.25
"1696","Vermont",2016,9.6
"1697","Virginia",2016,7.25
"1698","Washington",2016,9.47
"1699","West       Virginia",2016,8.75
"1700","Wisconsin",2016,7.25
"1701","Wyoming",2016,5.15
"1702","District       of Columbia",2016,11.5
"1703","Guam",2016,8.25
"1704","Puerto       Rico",2016,7.25
"1705","U.S.       Virgin Islands",2016,7.25
